epoch,diceAccuracy,jaccardDistance,loss,val_diceAccuracy,val_jaccardDistance,val_loss
0,0.6619240045547485,4.88525915145874,2.4240670204162598,0.6289054155349731,5.341696739196777,2.4527034759521484
1,0.8881861567497253,1.9770618677139282,2.2106575965881348,0.7419512867927551,3.9945967197418213,2.3341031074523926
2,0.9136325120925903,1.5759018659591675,2.169632911682129,0.8612998127937317,2.363859176635742,2.2091267108917236
3,0.9190630316734314,1.4852010011672974,2.1456832885742188,0.8914551734924316,1.9134752750396729,2.1623024940490723
4,0.9219934940338135,1.4358564615249634,2.12302303314209,0.9090680480003357,1.642588496208191,2.124992609024048
5,0.9239471554756165,1.4025888442993164,2.100714921951294,0.914644181728363,1.5541273355484009,2.0975818634033203
6,0.9253812432289124,1.3783968687057495,2.0784757137298584,0.9165330529212952,1.5233910083770752,2.07426118850708
7,0.9262553453445435,1.3630731105804443,2.056335687637329,0.9171894788742065,1.5128123760223389,2.051942825317383
8,0.9273601770401001,1.344067096710205,2.0339674949645996,0.9161776304244995,1.530335783958435,2.0298831462860107
9,0.9280760884284973,1.3318567276000977,2.0118448734283447,0.9155622720718384,1.5409669876098633,2.0082366466522217
10,0.9288098216056824,1.3191858530044556,1.9895352125167847,0.9172803163528442,1.5123060941696167,1.9853943586349487
11,0.9293136596679688,1.3105970621109009,1.9673844575881958,0.9177349209785461,1.5047075748443604,1.9633855819702148
12,0.9297802448272705,1.3024710416793823,1.9452896118164062,0.9174622893333435,1.5093759298324585,1.941537618637085
13,0.9303082823753357,1.2934037446975708,1.923095941543579,0.9181757569313049,1.4974395036697388,1.919268012046814
14,0.9307509660720825,1.2858701944351196,1.9010428190231323,0.9191519618034363,1.4810386896133423,1.8967634439468384
15,0.931272029876709,1.276823878288269,1.8790228366851807,0.9194980263710022,1.4752365350723267,1.8750193119049072
16,0.9315488934516907,1.2720305919647217,1.8571512699127197,0.9206094145774841,1.456458330154419,1.8526229858398438
17,0.9318261742591858,1.2670965194702148,1.8353854417800903,0.9200376868247986,1.466133952140808,1.8314462900161743
18,0.9321849942207336,1.2609158754348755,1.8136534690856934,0.9202517867088318,1.462755799293518,1.8098481893539429
19,0.9325346946716309,1.2548433542251587,1.7920022010803223,0.9203256964683533,1.4612319469451904,1.7883185148239136
20,0.9327759146690369,1.2506778240203857,1.770532488822937,0.921125590801239,1.4476494789123535,1.766682505607605
21,0.9331013560295105,1.2450501918792725,1.7491517066955566,0.9220942854881287,1.4311143159866333,1.7450543642044067
22,0.9333374500274658,1.2409991025924683,1.7279051542282104,0.9220262765884399,1.4324116706848145,1.7241384983062744
23,0.9333760142326355,1.2400954961776733,1.7068568468093872,0.9223930239677429,1.4262597560882568,1.7031453847885132
24,0.9337593913078308,1.2336500883102417,1.6858199834823608,0.9224098920822144,1.4259785413742065,1.682305097579956
25,0.933876633644104,1.2312750816345215,1.6649551391601562,0.9235374331474304,1.4068942070007324,1.6608939170837402
26,0.9340196251869202,1.2290928363800049,1.6443804502487183,0.9239579439163208,1.3996864557266235,1.6402174234390259
27,0.9343645572662354,1.223174810409546,1.623711347579956,0.924339234828949,1.3931362628936768,1.6195484399795532
28,0.9344676733016968,1.2212796211242676,1.6033326387405396,0.92516028881073,1.3791253566741943,1.5988184213638306
29,0.9347649812698364,1.2162435054779053,1.5830228328704834,0.9254283308982849,1.3746541738510132,1.578704833984375
30,0.9348227977752686,1.2151343822479248,1.5629627704620361,0.9256964325904846,1.370239019393921,1.5585250854492188
31,0.9349706172943115,1.2125248908996582,1.5430145263671875,0.9259951114654541,1.3653192520141602,1.5386266708374023
32,0.9351102709770203,1.2100993394851685,1.5232288837432861,0.927165150642395,1.345335602760315,1.518259882926941
33,0.9352282285690308,1.2076367139816284,1.5035396814346313,0.9271141886711121,1.346128225326538,1.4987072944641113
34,0.9354128837585449,1.204646110534668,1.4840571880340576,0.9270685911178589,1.3469687700271606,1.4793320894241333
35,0.9354680180549622,1.2036356925964355,1.4648045301437378,0.9265105128288269,1.3565491437911987,1.460456132888794
36,0.9356598854064941,1.200415849685669,1.4455727338790894,0.9272034764289856,1.3448665142059326,1.4411768913269043
37,0.9356982707977295,1.1995192766189575,1.4266105890274048,0.9284059405326843,1.324263334274292,1.4217424392700195
38,0.9358288049697876,1.1973750591278076,1.4078021049499512,0.928809404373169,1.317639946937561,1.4027408361434937
39,0.9359181523323059,1.1951907873153687,1.3891135454177856,0.9282812476158142,1.3266305923461914,1.3844571113586426
40,0.936170756816864,1.1915571689605713,1.3706189393997192,0.9276546239852905,1.3377776145935059,1.3664149045944214
41,0.9362642765045166,1.18950355052948,1.3522108793258667,0.9297327995300293,1.3021126985549927,1.3471547365188599
42,0.9361140131950378,1.1901487112045288,1.3340643644332886,0.9294832944869995,1.3062760829925537,1.3292275667190552
43,0.9363995790481567,1.1868146657943726,1.3160980939865112,0.930365264415741,1.2910761833190918,1.3109289407730103
44,0.9365940093994141,1.184037446975708,1.298288106918335,0.9314132928848267,1.27312433719635,1.2926855087280273
45,0.9366664290428162,1.1826523542404175,1.2806367874145508,0.93132084608078,1.274659514427185,1.2753208875656128
46,0.9367153644561768,1.1817365884780884,1.2631722688674927,0.9323796629905701,1.2563161849975586,1.2574769258499146
47,0.9368014931678772,1.1800028085708618,1.2458261251449585,0.9325665235519409,1.2530922889709473,1.2401878833770752
48,0.9368675351142883,1.1785489320755005,1.2286919355392456,0.9315129518508911,1.2713236808776855,1.2236603498458862
49,0.9369239211082458,1.1776087284088135,1.211748719215393,0.9320784211158752,1.2615110874176025,1.2065492868423462
50,0.9370501041412354,1.174984335899353,1.1948950290679932,0.9324847459793091,1.2544947862625122,1.1896213293075562
51,0.9370940327644348,1.1746385097503662,1.1783193349838257,0.9326722621917725,1.2512987852096558,1.173043966293335
52,0.9371289014816284,1.1739732027053833,1.1619056463241577,0.9333493709564209,1.2396948337554932,1.1564271450042725
53,0.9372510313987732,1.171689510345459,1.1455703973770142,0.9336550831794739,1.234356164932251,1.1402803659439087
54,0.9372957348823547,1.1706316471099854,1.1294742822647095,0.9334713816642761,1.237544059753418,1.1243400573730469
55,0.9373877048492432,1.1692593097686768,1.1135298013687134,0.9338136315345764,1.2316073179244995,1.108425259590149
56,0.9375954270362854,1.1662659645080566,1.0977567434310913,0.9337272644042969,1.2331966161727905,1.0927460193634033
57,0.9376067519187927,1.165991187095642,1.0821876525878906,0.9338234066963196,1.2315490245819092,1.0771774053573608
58,0.9377949237823486,1.1626546382904053,1.0666728019714355,0.9341195821762085,1.2262753248214722,1.0618748664855957
59,0.9379088878631592,1.1610438823699951,1.0514488220214844,0.9340258836746216,1.227895975112915,1.046714186668396
60,0.9377897381782532,1.1626596450805664,1.0364431142807007,0.9337122440338135,1.2334145307540894,1.0319219827651978
61,0.9379260540008545,1.16022527217865,1.0214617252349854,0.9342803955078125,1.2234909534454346,1.017006278038025
62,0.9379426836967468,1.1591962575912476,1.006692886352539,0.9342089295387268,1.2247878313064575,1.0024359226226807
63,0.9379875659942627,1.1591533422470093,0.9921976923942566,0.9341527223587036,1.2257885932922363,0.9882238507270813
64,0.938168466091156,1.156051516532898,0.9777135252952576,0.9342934489250183,1.2232738733291626,0.9739715456962585
65,0.9381402730941772,1.155745506286621,0.9634654521942139,0.9344829320907593,1.219955563545227,0.9597616791725159
66,0.9381284117698669,1.1553584337234497,0.9493958353996277,0.9344484210014343,1.220629096031189,0.9455021023750305
67,0.9383022785186768,1.153732180595398,0.9355329275131226,0.9344878196716309,1.2198582887649536,0.9318020343780518
68,0.9382119178771973,1.154294490814209,0.921800434589386,0.9343516826629639,1.2222259044647217,0.9182783961296082
69,0.9384116530418396,1.1515802145004272,0.9081960916519165,0.9342755675315857,1.223637342453003,0.9046955108642578
70,0.9384292364120483,1.150830864906311,0.8947927951812744,0.9345781207084656,1.218194603919983,0.8918429613113403
71,0.9384626150131226,1.150720477104187,0.8816121816635132,0.9345691204071045,1.2184253931045532,0.8784539699554443
72,0.9385781288146973,1.1481778621673584,0.8684557676315308,0.9345225095748901,1.2191873788833618,0.8655428886413574
73,0.9386250376701355,1.1478890180587769,0.8555718064308167,0.9343085885047913,1.222915768623352,0.8532965183258057
74,0.9384926557540894,1.148456335067749,0.8428348302841187,0.9346756935119629,1.216551661491394,0.8400591611862183
75,0.9387481212615967,1.1451575756072998,0.8301888108253479,0.9341771602630615,1.2251940965652466,0.8283094763755798
76,0.9386763572692871,1.1461290121078491,0.817816972732544,0.9341698884963989,1.2253202199935913,0.8160855770111084
77,0.9387514591217041,1.1447631120681763,0.8055421113967896,0.9336040616035461,1.2351182699203491,0.8045344948768616
78,0.9389358162879944,1.1423497200012207,0.7934215068817139,0.9335805773735046,1.2355234622955322,0.7924216985702515
79,0.9388437867164612,1.1435014009475708,0.7815353274345398,0.9342514276504517,1.2239230871200562,0.7800107598304749
80,0.9389483332633972,1.141823410987854,0.7697376608848572,0.9330640435218811,1.2446916103363037,0.7695057988166809
81,0.9389527440071106,1.1413003206253052,0.7581241726875305,0.9335569143295288,1.2361565828323364,0.757451593875885
82,0.9389134049415588,1.1409162282943726,0.7466396689414978,0.9341599941253662,1.2255582809448242,0.74559086561203
83,0.9390889406204224,1.1395243406295776,0.7353611588478088,0.9333078265190125,1.240275263786316,0.7352606654167175
84,0.9389603734016418,1.140290379524231,0.724236786365509,0.933565616607666,1.2357527017593384,0.724032998085022
85,0.9389932751655579,1.1402819156646729,0.7132776975631714,0.9341542720794678,1.2256370782852173,0.7125012874603271
86,0.9391786456108093,1.1375733613967896,0.7024041414260864,0.93333899974823,1.2396434545516968,0.7026060819625854
87,0.9392536282539368,1.1366026401519775,0.6917344331741333,0.9316146969795227,1.2693325281143188,0.6934908032417297
88,0.9393282532691956,1.1351869106292725,0.6811737418174744,0.9333512783050537,1.2393310070037842,0.6815764904022217
89,0.9392078518867493,1.1361265182495117,0.6708264350891113,0.9336807131767273,1.233721375465393,0.6710183620452881
90,0.9393461346626282,1.1344338655471802,0.6605889201164246,0.9319886565208435,1.2629345655441284,0.6622118353843689
91,0.9394230246543884,1.1337811946868896,0.6505796909332275,0.9316851496696472,1.2681397199630737,0.6528156399726868
92,0.9393497109413147,1.133830189704895,0.6406397223472595,0.9315139055252075,1.2707799673080444,0.6431737542152405
93,0.939436674118042,1.1322975158691406,0.6308438777923584,0.9323426485061646,1.256670594215393,0.632739245891571
94,0.9395061135292053,1.1316224336624146,0.6212470531463623,0.9320052862167358,1.262679934501648,0.6235904097557068
95,0.939408004283905,1.1323803663253784,0.6118161082267761,0.9337136149406433,1.2332433462142944,0.6123449206352234
96,0.9396575093269348,1.1294745206832886,0.6024613380432129,0.9334922432899475,1.236870527267456,0.6034534573554993
97,0.9395991563796997,1.129953145980835,0.5933129191398621,0.9344484210014343,1.2204389572143555,0.5933802723884583
98,0.9397094249725342,1.1285481452941895,0.5842656493186951,0.9331620335578918,1.2424710988998413,0.5859803557395935
99,0.9396086931228638,1.1298726797103882,0.5754542946815491,0.933224081993103,1.2413325309753418,0.5769309401512146
100,0.9396577477455139,1.1284502744674683,0.5666821599006653,0.932970404624939,1.2456523180007935,0.5686257481575012
101,0.9395866394042969,1.1288964748382568,0.5580952763557434,0.934104859828949,1.2263492345809937,0.559039831161499
102,0.9396901726722717,1.1275436878204346,0.5496436953544617,0.9332447648048401,1.2412017583847046,0.5516164898872375
103,0.9398651719093323,1.1254611015319824,0.5413140058517456,0.9338600039482117,1.2306050062179565,0.5425558686256409
104,0.9396727681159973,1.1280181407928467,0.5332547426223755,0.9343249797821045,1.2227864265441895,0.5339090824127197
105,0.939810037612915,1.126111626625061,0.5252209901809692,0.9334750771522522,1.2374136447906494,0.5268450975418091
106,0.9398404955863953,1.1257461309432983,0.5173346996307373,0.9330708980560303,1.2444424629211426,0.5194617509841919
107,0.939763605594635,1.1258418560028076,0.5095961689949036,0.9338221549987793,1.2315261363983154,0.5112907290458679
108,0.9399184584617615,1.1239395141601562,0.5019696950912476,0.9331820607185364,1.2424840927124023,0.5042722225189209
109,0.9398402571678162,1.1244744062423706,0.49451860785484314,0.9337196946144104,1.2332124710083008,0.49615445733070374
110,0.9398318529129028,1.1244102716445923,0.4872070252895355,0.9334121346473694,1.2384387254714966,0.48922818899154663
111,0.9399700164794922,1.1231601238250732,0.4800054728984833,0.9333176612854004,1.2401313781738281,0.4822586476802826
112,0.9399721026420593,1.12319815158844,0.47295844554901123,0.9344012141227722,1.2214101552963257,0.4739915728569031
113,0.9399107098579407,1.1229186058044434,0.4660038650035858,0.9341052174568176,1.2265948057174683,0.4671388566493988
114,0.9400431513786316,1.1214808225631714,0.4591897428035736,0.9341384768486023,1.2259377241134644,0.4603917598724365
115,0.94000643491745,1.121791958808899,0.4525394141674042,0.9346559047698975,1.2169482707977295,0.45363256335258484
116,0.9400385022163391,1.1214848756790161,0.4459913969039917,0.9348103404045105,1.2143158912658691,0.4471026659011841
117,0.9401229023933411,1.1196837425231934,0.4395161271095276,0.9349055290222168,1.2126097679138184,0.44065070152282715
118,0.9400153756141663,1.12148916721344,0.43330034613609314,0.9350191354751587,1.2105669975280762,0.4342220723628998
119,0.9400466084480286,1.1203258037567139,0.4271043539047241,0.9350887537002563,1.2094354629516602,0.42807191610336304
120,0.9400359392166138,1.120566964149475,0.42108577489852905,0.9351024031639099,1.2091104984283447,0.42213791608810425
121,0.9401659369468689,1.1187633275985718,0.4151073098182678,0.9349655508995056,1.2115988731384277,0.4164048135280609
122,0.9401575922966003,1.1185801029205322,0.40932148694992065,0.9347185492515564,1.2159173488616943,0.4108635187149048
123,0.9402297735214233,1.1178349256515503,0.4036494195461273,0.9347633123397827,1.215085744857788,0.4050992429256439
124,0.9402258992195129,1.117427945137024,0.39807069301605225,0.9345234632492065,1.2192463874816895,0.39969876408576965
125,0.9402748942375183,1.1178865432739258,0.39271095395088196,0.9347444176673889,1.2154958248138428,0.39415767788887024
126,0.9402009844779968,1.1181687116622925,0.3874092996120453,0.9345581531524658,1.2187145948410034,0.3890869617462158
127,0.9402892589569092,1.116869330406189,0.3821786344051361,0.9346749186515808,1.2166825532913208,0.38387638330459595
128,0.9402953386306763,1.1161242723464966,0.37709152698516846,0.9341678023338318,1.2254899740219116,0.379041463136673
129,0.9403114914894104,1.1164655685424805,0.37216895818710327,0.9345225095748901,1.2193341255187988,0.3739750385284424
130,0.9402973055839539,1.1164506673812866,0.3673401176929474,0.9355365633964539,1.2014950513839722,0.3689623475074768
131,0.9404342770576477,1.11439847946167,0.3625606298446655,0.9353309869766235,1.2051124572753906,0.3643234670162201
132,0.9404820799827576,1.1137226819992065,0.3579501509666443,0.9353778958320618,1.2042977809906006,0.3597090542316437
133,0.9403429627418518,1.1154718399047852,0.35351088643074036,0.9353923201560974,1.2040091753005981,0.35550323128700256
134,0.9403959512710571,1.1146434545516968,0.3491131067276001,0.9351955056190491,1.2073333263397217,0.351203590631485
135,0.9403913617134094,1.1146042346954346,0.3448276221752167,0.935153603553772,1.2080411911010742,0.34718504548072815
136,0.9404628872871399,1.11343252658844,0.3406437337398529,0.9348104000091553,1.2140320539474487,0.34296712279319763
137,0.9404623508453369,1.113532304763794,0.3366014361381531,0.9345344305038452,1.2187656164169312,0.33917489647865295
138,0.9404948353767395,1.1126691102981567,0.3326176106929779,0.9352194666862488,1.2068495750427246,0.33499613404273987
139,0.9405713677406311,1.1116187572479248,0.32873934507369995,0.9348168969154358,1.2139277458190918,0.3312166929244995
140,0.9405529499053955,1.1122565269470215,0.3250340223312378,0.9352469444274902,1.2064532041549683,0.32760724425315857
141,0.9406486749649048,1.110929012298584,0.3213827311992645,0.9350295662879944,1.210253119468689,0.3239113986492157
142,0.9406057596206665,1.1114288568496704,0.3178626000881195,0.9350504875183105,1.2098965644836426,0.32035544514656067
143,0.940607488155365,1.1107951402664185,0.31439727544784546,0.9352741241455078,1.2060472965240479,0.31698882579803467
144,0.9406529068946838,1.1101176738739014,0.31104499101638794,0.9350907206535339,1.2092621326446533,0.31377896666526794
145,0.94061279296875,1.110458254814148,0.30782148241996765,0.9344562292098999,1.220369815826416,0.31085914373397827
146,0.9406595826148987,1.1098459959030151,0.3046918511390686,0.9352710843086243,1.2060996294021606,0.30738794803619385
147,0.9406830668449402,1.1098697185516357,0.30166488885879517,0.9354425072669983,1.2031017541885376,0.3043486773967743
148,0.940712034702301,1.1088600158691406,0.2986891567707062,0.9347617030143738,1.2149239778518677,0.30163079500198364
149,0.9407384395599365,1.1087877750396729,0.2958478033542633,0.9350766539573669,1.2094191312789917,0.2987663149833679
150,0.9407138228416443,1.1088851690292358,0.29311591386795044,0.9351733326911926,1.2078245878219604,0.29600614309310913
151,0.9407482743263245,1.1081243753433228,0.2904568314552307,0.9352802634239197,1.2059972286224365,0.29338356852531433
152,0.9408199787139893,1.1070963144302368,0.28786569833755493,0.9349198937416077,1.2121927738189697,0.2910659611225128
153,0.9408155679702759,1.1071637868881226,0.28542110323905945,0.9349767565727234,1.2112095355987549,0.2885950803756714
154,0.9407908916473389,1.1076184511184692,0.2830657958984375,0.9350070953369141,1.2106361389160156,0.2864566147327423
155,0.9408336281776428,1.106995940208435,0.2807680368423462,0.9350177645683289,1.2104476690292358,0.2840724289417267
156,0.9408879280090332,1.1058628559112549,0.27854040265083313,0.934393048286438,1.221489429473877,0.2822129428386688
157,0.9408987164497375,1.1058522462844849,0.2764604389667511,0.9352009296417236,1.2073068618774414,0.2797597348690033
158,0.9409839510917664,1.1048519611358643,0.2744216024875641,0.9353511929512024,1.2046815156936646,0.2777751684188843
159,0.9410287737846375,1.1038565635681152,0.2724640369415283,0.9353334903717041,1.204957127571106,0.2759668529033661
160,0.9409586787223816,1.1049258708953857,0.2706725001335144,0.9353467226028442,1.2046922445297241,0.2742110788822174
161,0.9409238696098328,1.1052961349487305,0.2689368724822998,0.935139000415802,1.2083173990249634,0.27250179648399353
162,0.9411045908927917,1.1032787561416626,0.2672230005264282,0.9352049231529236,1.207229733467102,0.27079933881759644
163,0.9410213828086853,1.1039766073226929,0.26563340425491333,0.9354802966117859,1.2024999856948853,0.2691722512245178
164,0.9410799741744995,1.1024160385131836,0.2640521228313446,0.9351732730865479,1.207816481590271,0.2677258849143982
165,0.9410801529884338,1.1030272245407104,0.2626650035381317,0.9353074431419373,1.2054905891418457,0.26633864641189575
166,0.9410655498504639,1.103132963180542,0.2613263726234436,0.9349912405014038,1.2110923528671265,0.2651084065437317
167,0.9410742521286011,1.1033656597137451,0.2600771188735962,0.9356033802032471,1.200348973274231,0.26370012760162354
168,0.9411169290542603,1.1019525527954102,0.2587968707084656,0.9349911212921143,1.2111444473266602,0.2626844048500061
169,0.9410654902458191,1.1027817726135254,0.25774237513542175,0.9349297881126404,1.2122223377227783,0.26172739267349243
170,0.9411349296569824,1.1013411283493042,0.25660964846611023,0.9355085492134094,1.2019761800765991,0.26044517755508423
171,0.9411347508430481,1.101690411567688,0.2556314170360565,0.9350348711013794,1.2103502750396729,0.25968480110168457
172,0.9411448240280151,1.1011450290679932,0.2547116279602051,0.9351151585578918,1.2089437246322632,0.25891008973121643
173,0.9412953853607178,1.0999919176101685,0.2538594901561737,0.9350544810295105,1.210008978843689,0.2579905390739441
174,0.9413925409317017,1.0985318422317505,0.2530406415462494,0.9357963800430298,1.1969361305236816,0.2568760812282562
175,0.941322386264801,1.0992845296859741,0.2523075044155121,0.9357120394706726,1.198349118232727,0.25627121329307556
176,0.9413204789161682,1.0989304780960083,0.25163787603378296,0.9352538585662842,1.206468105316162,0.2557777762413025
177,0.9413686394691467,1.0982601642608643,0.25097405910491943,0.9351592659950256,1.2079768180847168,0.25527358055114746
178,0.9414802193641663,1.0972245931625366,0.250407874584198,0.9353218674659729,1.2051969766616821,0.2546957731246948
179,0.9415421485900879,1.0963735580444336,0.24985922873020172,0.9357826113700867,1.1971228122711182,0.254057914018631
180,0.9414055347442627,1.0980509519577026,0.24940747022628784,0.935467541217804,1.2024754285812378,0.25369274616241455
181,0.9414806365966797,1.0970079898834229,0.24892060458660126,0.9359007477760315,1.1949732303619385,0.25325968861579895
182,0.9414727091789246,1.0971150398254395,0.24851056933403015,0.9356065392494202,1.2001330852508545,0.2527969181537628
183,0.9414075613021851,1.09713613986969,0.248066246509552,0.9357954263687134,1.1968501806259155,0.25233176350593567
184,0.9414044618606567,1.0974186658859253,0.2476951628923416,0.9353008270263672,1.2054239511489868,0.25218984484672546
185,0.941455602645874,1.097264289855957,0.24739347398281097,0.9357763528823853,1.1972224712371826,0.251563161611557
186,0.9415021538734436,1.0961214303970337,0.2469838261604309,0.9359925389289856,1.1933590173721313,0.2512810230255127
187,0.9416592717170715,1.0943288803100586,0.24661967158317566,0.9362682700157166,1.1885353326797485,0.25084730982780457
188,0.9415232539176941,1.0962839126586914,0.24639372527599335,0.9362232089042664,1.1893246173858643,0.2505049407482147
189,0.9414874911308289,1.096144437789917,0.24607643485069275,0.9358422756195068,1.196057677268982,0.2503327429294586
190,0.9416075944900513,1.0943652391433716,0.2457524538040161,0.9355177283287048,1.2017505168914795,0.2502020597457886
191,0.9415073394775391,1.0956072807312012,0.2455107420682907,0.9358364939689636,1.1960586309432983,0.24988529086112976
192,0.9416880011558533,1.0935198068618774,0.24525636434555054,0.9356251358985901,1.1999094486236572,0.249757781624794
193,0.9417399764060974,1.0929962396621704,0.2449997216463089,0.9357962608337402,1.196751594543457,0.2498813271522522
194,0.9414941668510437,1.0951482057571411,0.24477270245552063,0.9357793927192688,1.1971453428268433,0.24934642016887665
195,0.9415861964225769,1.094203233718872,0.24455268681049347,0.9361165761947632,1.191226601600647,0.24908791482448578
196,0.941544771194458,1.0943015813827515,0.24432829022407532,0.9358351230621338,1.196176290512085,0.24898067116737366
197,0.9415817856788635,1.094116449356079,0.2441360205411911,0.9358083009719849,1.19669508934021,0.24873146414756775
198,0.9416621923446655,1.0931382179260254,0.24393130838871002,0.9360517859458923,1.1923673152923584,0.24849505722522736
199,0.9416154026985168,1.0940498113632202,0.24380916357040405,0.9359065294265747,1.194912314414978,0.24848097562789917
200,0.9416012763977051,1.0934460163116455,0.24361039698123932,0.9361037611961365,1.191530704498291,0.24814577400684357
201,0.94170081615448,1.092089295387268,0.2433719038963318,0.9362176060676575,1.1894384622573853,0.2479454129934311
202,0.9416645765304565,1.0926991701126099,0.24326393008232117,0.9362097382545471,1.1895408630371094,0.24801746010780334
203,0.9418197274208069,1.0909533500671387,0.24305328726768494,0.9354164004325867,1.203543782234192,0.24771922826766968
204,0.9416688084602356,1.0927321910858154,0.24295683205127716,0.9360841512680054,1.1918443441390991,0.24748264253139496
205,0.9417405724525452,1.0920040607452393,0.2428019642829895,0.9360185861587524,1.1930177211761475,0.2474243938922882
206,0.9417077302932739,1.0919716358184814,0.24266417324543,0.9359679222106934,1.193819284439087,0.24719175696372986
207,0.9418514370918274,1.0903033018112183,0.2424696683883667,0.9361950755119324,1.1898318529129028,0.24713951349258423
208,0.9417775869369507,1.0906795263290405,0.24232052266597748,0.9358791708946228,1.1955031156539917,0.24695001542568207
209,0.9418357014656067,1.0905389785766602,0.24222701787948608,0.9356896877288818,1.1986628770828247,0.24699074029922485
210,0.9418529868125916,1.089674711227417,0.2420540452003479,0.9357420206069946,1.1978851556777954,0.2468528002500534
211,0.9417772889137268,1.0905578136444092,0.24197284877300262,0.9358840584754944,1.1954476833343506,0.24672769010066986
212,0.9417482018470764,1.0911306142807007,0.24190476536750793,0.9364007711410522,1.1861846446990967,0.24671371281147003
213,0.9418883323669434,1.0890980958938599,0.2416992485523224,0.9361250996589661,1.1911053657531738,0.24647141993045807
214,0.9419042468070984,1.0889354944229126,0.2415885180234909,0.9359323382377625,1.19441819190979,0.2464524805545807
215,0.9418742060661316,1.089949131011963,0.24156691133975983,0.9356963038444519,1.1986770629882812,0.2463626116514206
216,0.9418668150901794,1.0896483659744263,0.24143484234809875,0.9359464049339294,1.1942473649978638,0.24624265730381012
217,0.9420686364173889,1.087048888206482,0.24127055704593658,0.9363721013069153,1.186765432357788,0.24608848989009857
218,0.9419331550598145,1.0880166292190552,0.24112388491630554,0.9362258315086365,1.189378023147583,0.24597829580307007
219,0.9418383836746216,1.089013695716858,0.24106930196285248,0.9362636208534241,1.18869948387146,0.24575237929821014
220,0.9418055415153503,1.0894161462783813,0.2410014569759369,0.9362709522247314,1.1885769367218018,0.24594667553901672
221,0.9419193267822266,1.088029384613037,0.24087481200695038,0.9362045526504517,1.1896843910217285,0.24599601328372955
222,0.9420271515846252,1.0873955488204956,0.24080584943294525,0.9361631274223328,1.1905571222305298,0.2456510365009308
223,0.9418885111808777,1.0879747867584229,0.2406628280878067,0.9364450573921204,1.1854970455169678,0.24541261792182922
224,0.9419346451759338,1.0875561237335205,0.24059267342090607,0.9364584684371948,1.1852455139160156,0.2453761249780655
225,0.9419742226600647,1.08730149269104,0.24052387475967407,0.9358258247375488,1.196416974067688,0.24523726105690002
226,0.9419457912445068,1.0877625942230225,0.2404506355524063,0.9362169504165649,1.1894792318344116,0.2451707422733307
227,0.9420766234397888,1.0860371589660645,0.2403411567211151,0.9363909363746643,1.1864696741104126,0.24489381909370422
228,0.9419508576393127,1.0875587463378906,0.24029158055782318,0.9363110065460205,1.1878615617752075,0.24502713978290558
229,0.9419208765029907,1.087730884552002,0.24023671448230743,0.9362190961837769,1.189467191696167,0.24509286880493164
230,0.9419970512390137,1.0866037607192993,0.24011650681495667,0.9360036253929138,1.193305492401123,0.2449520230293274
231,0.9419283270835876,1.087318778038025,0.24006398022174835,0.9363754987716675,1.1866848468780518,0.2447475641965866
232,0.9419546723365784,1.0874029397964478,0.24001076817512512,0.9366592168807983,1.181679606437683,0.24472957849502563
233,0.9419978260993958,1.0870139598846436,0.23995380103588104,0.9367004036903381,1.1809598207473755,0.24456697702407837
234,0.9419357180595398,1.0872838497161865,0.23986349999904633,0.9365317225456238,1.1839516162872314,0.24461480975151062
235,0.9419866800308228,1.0864053964614868,0.23979373276233673,0.9364301562309265,1.1858444213867188,0.24434535205364227
236,0.9420427680015564,1.0858913660049438,0.2396998405456543,0.936404824256897,1.1861696243286133,0.24458657205104828
237,0.942135751247406,1.084953784942627,0.23962102830410004,0.9363657236099243,1.1868888139724731,0.24426493048667908
238,0.9420887231826782,1.0855034589767456,0.2395787239074707,0.9363480806350708,1.1871286630630493,0.2444666028022766
239,0.9419646859169006,1.0864766836166382,0.23952354490756989,0.9363840222358704,1.186572790145874,0.24468038976192474
240,0.9419281482696533,1.0875874757766724,0.23954331874847412,0.9365973472595215,1.182814598083496,0.2444130927324295
241,0.9420611262321472,1.0853712558746338,0.23940180242061615,0.9363093972206116,1.1878435611724854,0.24433958530426025
242,0.9421634078025818,1.0844459533691406,0.23931379616260529,0.9363282918930054,1.1875132322311401,0.24435292184352875
243,0.9421517252922058,1.0844100713729858,0.23926036059856415,0.9366474747657776,1.1819008588790894,0.2440105378627777
244,0.9421592354774475,1.0844430923461914,0.23924343287944794,0.9362010359764099,1.189738392829895,0.24416545033454895
245,0.9420931339263916,1.0852304697036743,0.23920761048793793,0.9364091157913208,1.1861294507980347,0.24403031170368195
246,0.9420813322067261,1.084480881690979,0.23911438882350922,0.9363803863525391,1.1866804361343384,0.24392718076705933
247,0.9421521425247192,1.0839807987213135,0.23904001712799072,0.9363386631011963,1.187389850616455,0.24389061331748962
248,0.9420453310012817,1.0852110385894775,0.2390456646680832,0.9363406300544739,1.1873201131820679,0.24382667243480682
249,0.9421438574790955,1.0840644836425781,0.23896567523479462,0.936432957649231,1.1857326030731201,0.2438022792339325
250,0.942227303981781,1.083335280418396,0.23890939354896545,0.9364025592803955,1.1861653327941895,0.244049072265625
251,0.9421738982200623,1.0837587118148804,0.23886315524578094,0.9365876317024231,1.1830552816390991,0.2436659187078476
252,0.9422030448913574,1.0837790966033936,0.23885832726955414,0.9365149736404419,1.1842050552368164,0.24370957911014557
253,0.9421102404594421,1.0845764875411987,0.2388259619474411,0.9365679621696472,1.1833323240280151,0.2435160130262375
254,0.942213237285614,1.0832111835479736,0.23873914778232574,0.9364335536956787,1.1857420206069946,0.24337175488471985
255,0.9422072172164917,1.0830026865005493,0.2386694848537445,0.9363856911659241,1.1865198612213135,0.24333220720291138
256,0.9422208070755005,1.0826871395111084,0.23861664533615112,0.9360917210578918,1.1917074918746948,0.24331103265285492
257,0.9422264099121094,1.0830882787704468,0.2386113703250885,0.9362425208091736,1.189099907875061,0.24324564635753632
258,0.9421353340148926,1.0837910175323486,0.23858413100242615,0.9360543489456177,1.1923463344573975,0.2433672398328781
259,0.9421209096908569,1.0843392610549927,0.2385948747396469,0.9366301894187927,1.1822149753570557,0.2432985156774521
260,0.9422736763954163,1.082135558128357,0.23847781121730804,0.9364652037620544,1.1851816177368164,0.24312733113765717
261,0.9421138167381287,1.083776831626892,0.23847779631614685,0.9364840388298035,1.1848174333572388,0.2430914044380188
262,0.9422734379768372,1.082647442817688,0.23844963312149048,0.9364669322967529,1.185107946395874,0.24312347173690796
263,0.9421795010566711,1.0832631587982178,0.23841701447963715,0.936555802822113,1.1835660934448242,0.24322502315044403
264,0.9423167705535889,1.0824968814849854,0.23843273520469666,0.9364531636238098,1.1854034662246704,0.24301499128341675
265,0.9422070384025574,1.0825122594833374,0.23832255601882935,0.9365052580833435,1.184533953666687,0.24305757880210876
266,0.9422866106033325,1.0824288129806519,0.23830369114875793,0.9361494779586792,1.1907278299331665,0.24302084743976593
267,0.9423852562904358,1.0808089971542358,0.23822006583213806,0.9363284111022949,1.187544822692871,0.24291211366653442
268,0.9423366189002991,1.0814608335494995,0.2381983995437622,0.9361170530319214,1.1912058591842651,0.24292616546154022
269,0.9424207210540771,1.0807017087936401,0.23818351328372955,0.9366104602813721,1.1824923753738403,0.24287578463554382
270,0.9423980712890625,1.0804955959320068,0.2381155639886856,0.9365346431732178,1.183832049369812,0.24311378598213196
271,0.9424310326576233,1.0800801515579224,0.2380620837211609,0.9364866018295288,1.1847280263900757,0.24304617941379547
272,0.9423098564147949,1.0813337564468384,0.23807910084724426,0.9363749027252197,1.1866934299468994,0.24303308129310608
273,0.9423779845237732,1.0809630155563354,0.23805974423885345,0.9363747835159302,1.1865952014923096,0.24290518462657928
274,0.9423711895942688,1.0810266733169556,0.23802822828292847,0.9364296793937683,1.1856521368026733,0.24302756786346436
275,0.9423858523368835,1.0808205604553223,0.23800398409366608,0.9363513588905334,1.1870144605636597,0.24291269481182098
276,0.9423486590385437,1.0811173915863037,0.2379705309867859,0.9362903833389282,1.1881051063537598,0.24298349022865295
277,0.9423527717590332,1.080430269241333,0.23790834844112396,0.9366157054901123,1.1824239492416382,0.24272841215133667
278,0.9425404667854309,1.078290343284607,0.23782780766487122,0.9364233613014221,1.185730218887329,0.24294787645339966
279,0.9423713684082031,1.0803393125534058,0.2378462702035904,0.9365190267562866,1.1840932369232178,0.24277587234973907
280,0.9425289034843445,1.0788185596466064,0.23783129453659058,0.9364002346992493,1.1860753297805786,0.24296703934669495
281,0.9422200322151184,1.0822038650512695,0.23789116740226746,0.9365354180335999,1.183854579925537,0.24252799153327942
282,0.942283034324646,1.0814704895019531,0.23784290254116058,0.9360622763633728,1.1921783685684204,0.24267610907554626
283,0.9422968626022339,1.0811150074005127,0.2378169149160385,0.9364219903945923,1.1858102083206177,0.24312017858028412
284,0.9423468112945557,1.080410361289978,0.23774199187755585,0.9366649389266968,1.18161141872406,0.2424698919057846
285,0.9423215985298157,1.080721139907837,0.23773527145385742,0.9364666938781738,1.1850897073745728,0.24258413910865784
286,0.9423943758010864,1.0796854496002197,0.23767386376857758,0.9364873766899109,1.1847798824310303,0.2425726056098938
287,0.9422805309295654,1.0814120769500732,0.2377244383096695,0.9365367293357849,1.183845043182373,0.24249759316444397
288,0.942400336265564,1.0795409679412842,0.2376394122838974,0.9365270137786865,1.1840612888336182,0.24256956577301025
289,0.9425534605979919,1.0782434940338135,0.23762063682079315,0.9363134503364563,1.1877708435058594,0.24239128828048706
290,0.9424460530281067,1.0795936584472656,0.23761330544948578,0.9362830519676208,1.1883318424224854,0.2423689067363739
291,0.9424664378166199,1.079746961593628,0.23764891922473907,0.9364878535270691,1.1847327947616577,0.24243976175785065
292,0.9424505829811096,1.0790401697158813,0.23757368326187134,0.9366117715835571,1.182498574256897,0.24241644144058228
293,0.9423703551292419,1.0794588327407837,0.23752278089523315,0.9366136193275452,1.18254816532135,0.2423517107963562
294,0.942446768283844,1.078574776649475,0.23747101426124573,0.9366183876991272,1.1824302673339844,0.24241594970226288
295,0.942409873008728,1.0790637731552124,0.23747967183589935,0.9365386366844177,1.1838934421539307,0.24225637316703796
296,0.9424618482589722,1.0784118175506592,0.23743733763694763,0.9366205334663391,1.1823954582214355,0.24238790571689606
297,0.9424179196357727,1.0792640447616577,0.23745650053024292,0.9364187121391296,1.1859203577041626,0.24228927493095398
298,0.9425012469291687,1.0783851146697998,0.23742200434207916,0.9365450143814087,1.183742642402649,0.24217146635055542
299,0.9423806667327881,1.0795971155166626,0.23744912445545197,0.9364870190620422,1.1847624778747559,0.24215321242809296
300,0.9424615502357483,1.0783889293670654,0.2373843938112259,0.9365037679672241,1.1844584941864014,0.24248294532299042
301,0.9424746036529541,1.0787454843521118,0.2373936027288437,0.9363938570022583,1.186282753944397,0.2426038384437561
302,0.9424805641174316,1.0781950950622559,0.23734495043754578,0.9366132616996765,1.1825312376022339,0.24227015674114227
303,0.9426220655441284,1.0766772031784058,0.23730166256427765,0.9364745616912842,1.184861421585083,0.2424178570508957
304,0.9425162076950073,1.0781781673431396,0.23733697831630707,0.9365889430046082,1.182902216911316,0.24224992096424103
305,0.9425981044769287,1.0770281553268433,0.23728430271148682,0.9364845752716064,1.1847500801086426,0.24223890900611877
306,0.9424795508384705,1.077866554260254,0.2372547835111618,0.9364782571792603,1.1848989725112915,0.24221251904964447
307,0.9425708651542664,1.0773380994796753,0.23727081716060638,0.936687707901001,1.1811461448669434,0.24214284121990204
308,0.9424384236335754,1.0789328813552856,0.23729130625724792,0.9368054866790771,1.179153561592102,0.2420927733182907
309,0.9426419138908386,1.076730489730835,0.23726843297481537,0.9365028142929077,1.184341311454773,0.24218538403511047
310,0.9425761699676514,1.0776749849319458,0.23727741837501526,0.9364425539970398,1.1854294538497925,0.24204686284065247
311,0.9426560401916504,1.0760034322738647,0.23717696964740753,0.9364859461784363,1.184710144996643,0.24222813546657562
312,0.9427339434623718,1.0753253698349,0.23716141283512115,0.9364188313484192,1.1858432292938232,0.24201151728630066
313,0.9427246451377869,1.0753759145736694,0.23714707791805267,0.9366406798362732,1.1820255517959595,0.2420196831226349
314,0.9426878690719604,1.0759292840957642,0.2371579110622406,0.9364975690841675,1.1845288276672363,0.24213509261608124
315,0.9427096247673035,1.0758394002914429,0.23716136813163757,0.9360979199409485,1.1914700269699097,0.2420610785484314
316,0.9425787329673767,1.0772649049758911,0.2371741235256195,0.9359892010688782,1.1933910846710205,0.2421088069677353
317,0.9425889253616333,1.076550841331482,0.2370925396680832,0.9366194009780884,1.1823475360870361,0.2420031726360321
318,0.942581832408905,1.0772454738616943,0.23713348805904388,0.9364041090011597,1.1862462759017944,0.24188178777694702
319,0.9426242113113403,1.0763919353485107,0.2371036261320114,0.9366397261619568,1.1820663213729858,0.24201567471027374
320,0.9426341652870178,1.0765248537063599,0.23709751665592194,0.9365835785865784,1.1830344200134277,0.24197445809841156
321,0.9427817463874817,1.0743095874786377,0.237014502286911,0.9363501071929932,1.187096357345581,0.24188348650932312
322,0.9425308704376221,1.076717495918274,0.23702691495418549,0.9362642765045166,1.188592553138733,0.24194948375225067
323,0.94266277551651,1.0755259990692139,0.23699811100959778,0.9365440011024475,1.1836748123168945,0.24190197885036469
324,0.9425159096717834,1.077100157737732,0.23702870309352875,0.9366561770439148,1.1817997694015503,0.24186155200004578
325,0.9427729845046997,1.0743069648742676,0.2369745969772339,0.9365718364715576,1.183258056640625,0.241829976439476
326,0.9425453543663025,1.0764105319976807,0.23696981370449066,0.9362881779670715,1.1882133483886719,0.2418803572654724
327,0.9426169991493225,1.0757302045822144,0.23695577681064606,0.9364455342292786,1.1854530572891235,0.24193933606147766
328,0.9425327181816101,1.077110767364502,0.23699745535850525,0.9363465309143066,1.1870908737182617,0.24247360229492188
329,0.9424862265586853,1.0775718688964844,0.23705324530601501,0.9361343383789062,1.190879464149475,0.24200697243213654
330,0.9426094889640808,1.075700044631958,0.23692908883094788,0.936432957649231,1.1856828927993774,0.2419956773519516
331,0.9426218271255493,1.0758998394012451,0.23694446682929993,0.9365554451942444,1.1834708452224731,0.24207541346549988
332,0.9426504969596863,1.0751996040344238,0.236899271607399,0.9363530874252319,1.1870906352996826,0.24180695414543152
333,0.9425843954086304,1.076497197151184,0.23694810271263123,0.9362247586250305,1.1893631219863892,0.24190647900104523
334,0.942703366279602,1.0745331048965454,0.23686304688453674,0.9364302158355713,1.1857151985168457,0.241759791970253
335,0.9426144361495972,1.0756745338439941,0.23689651489257812,0.9364638328552246,1.1850650310516357,0.24176257848739624
336,0.9427196979522705,1.0747311115264893,0.23687493801116943,0.9364464282989502,1.1853965520858765,0.24193404614925385
337,0.9427879452705383,1.0737899541854858,0.23685207962989807,0.9364724159240723,1.184966802597046,0.24183356761932373
338,0.9427211284637451,1.074228048324585,0.23681019246578217,0.9365170001983643,1.1841145753860474,0.24213656783103943
339,0.9425764679908752,1.0764496326446533,0.23690155148506165,0.9366096258163452,1.1825108528137207,0.24181412160396576
340,0.9427464604377747,1.0743566751480103,0.23684509098529816,0.9363871216773987,1.1863760948181152,0.2418326586484909
341,0.9426445960998535,1.074823260307312,0.23680444061756134,0.9364579319953918,1.1851829290390015,0.24184894561767578
342,0.9427122473716736,1.0742071866989136,0.23678840696811676,0.9365573525428772,1.1834739446640015,0.24178554117679596
343,0.9427011013031006,1.074353814125061,0.23677843809127808,0.9365596771240234,1.1835033893585205,0.2416907548904419
344,0.9427254796028137,1.0741605758666992,0.2367655634880066,0.9364638328552246,1.1851588487625122,0.24182501435279846
345,0.9428203105926514,1.0736316442489624,0.2368062138557434,0.9366528987884521,1.1817831993103027,0.24169431626796722
346,0.9427667260169983,1.0736725330352783,0.23674823343753815,0.936099648475647,1.1914525032043457,0.24177147448062897
347,0.9427221417427063,1.074126958847046,0.23676098883152008,0.9365348219871521,1.183933973312378,0.2417403906583786
348,0.9426217675209045,1.0749262571334839,0.23675741255283356,0.9362046718597412,1.1897376775741577,0.24179963767528534
349,0.9427100419998169,1.074385404586792,0.23676510155200958,0.9365876913070679,1.1829842329025269,0.24163112044334412
350,0.9426926970481873,1.074402928352356,0.23674601316452026,0.9365932941436768,1.1828240156173706,0.24169154465198517
351,0.9427165985107422,1.0738153457641602,0.23670832812786102,0.936526894569397,1.1840176582336426,0.2416960448026657
352,0.942690372467041,1.0746110677719116,0.23674574494361877,0.9367355108261108,1.1803642511367798,0.24182483553886414
353,0.9426893591880798,1.0742290019989014,0.23670069873332977,0.936561644077301,1.1833454370498657,0.24169112741947174
354,0.9427480101585388,1.073254942893982,0.23667378723621368,0.9358928799629211,1.1950228214263916,0.24180851876735687
355,0.9426885843276978,1.073939323425293,0.23667067289352417,0.9361607432365417,1.1904088258743286,0.2417687624692917
356,0.9427193403244019,1.0740902423858643,0.2366916984319687,0.9365872740745544,1.182917833328247,0.24161933362483978
357,0.9426856637001038,1.0739095211029053,0.23665183782577515,0.9364771246910095,1.1848702430725098,0.2416934072971344
358,0.9428054690361023,1.0725065469741821,0.23661291599273682,0.9362495541572571,1.188887119293213,0.24166661500930786
359,0.9427365064620972,1.073163628578186,0.23661914467811584,0.9361956119537354,1.1898740530014038,0.24169768393039703
360,0.9427171349525452,1.0738555192947388,0.23666557669639587,0.9364390969276428,1.1855343580245972,0.24171407520771027
361,0.9428418874740601,1.0725505352020264,0.23664407432079315,0.9364820718765259,1.1846983432769775,0.24172735214233398
362,0.9427921772003174,1.072479486465454,0.23659352958202362,0.9366412162780762,1.1820189952850342,0.24162474274635315
363,0.942770779132843,1.0731725692749023,0.23662137985229492,0.9367274045944214,1.1804429292678833,0.24166040122509003
364,0.942966103553772,1.0710326433181763,0.2365884929895401,0.9366917014122009,1.1811654567718506,0.24154621362686157
365,0.9428330063819885,1.072287678718567,0.23658336699008942,0.9363630414009094,1.1868672370910645,0.24166570603847504
366,0.9428097605705261,1.0724798440933228,0.23657654225826263,0.936211884021759,1.1895115375518799,0.24166087806224823
367,0.9428811073303223,1.0720313787460327,0.23660071194171906,0.936366856098175,1.1868270635604858,0.24163927137851715
368,0.9429618716239929,1.0712155103683472,0.2366083264350891,0.9364950656890869,1.1845999956130981,0.24152417480945587
369,0.9427724480628967,1.0731873512268066,0.23660998046398163,0.9363278150558472,1.1874476671218872,0.24167054891586304
370,0.9427569508552551,1.0734407901763916,0.2366151362657547,0.9366301894187927,1.1821074485778809,0.24161669611930847
371,0.9428882002830505,1.071184515953064,0.236501544713974,0.9360482096672058,1.1924647092819214,0.24172134697437286
372,0.9430006146430969,1.0700385570526123,0.23648719489574432,0.936211109161377,1.1894574165344238,0.2416248768568039
373,0.9429512023925781,1.0711784362792969,0.23655422031879425,0.93575119972229,1.1975730657577515,0.24194373190402985
374,0.942952573299408,1.0709458589553833,0.23653365671634674,0.936314046382904,1.1877881288528442,0.24170739948749542
375,0.9429815411567688,1.0704823732376099,0.23651494085788727,0.9364431500434875,1.1854301691055298,0.24178098142147064
376,0.9429810047149658,1.070613980293274,0.2365301102399826,0.936403214931488,1.186177372932434,0.24166704714298248
377,0.9428837895393372,1.0717713832855225,0.23653997480869293,0.9364686608314514,1.185021996498108,0.24158833920955658
378,0.9429193735122681,1.0708845853805542,0.2364887148141861,0.9365048408508301,1.1843349933624268,0.24156111478805542
379,0.942764937877655,1.0727676153182983,0.23652182519435883,0.9362611174583435,1.1885465383529663,0.24168337881565094
380,0.9429785013198853,1.0705106258392334,0.23650194704532623,0.9363886713981628,1.1863495111465454,0.24161584675312042
381,0.9428830742835999,1.0712144374847412,0.236477330327034,0.936598539352417,1.1826775074005127,0.2415422946214676
382,0.9429327249526978,1.0707682371139526,0.2364644855260849,0.9361060261726379,1.1913480758666992,0.24168770015239716
383,0.9430120587348938,1.0697202682495117,0.2364286631345749,0.9362465143203735,1.188857078552246,0.2415805459022522
384,0.9429317116737366,1.0703867673873901,0.23642918467521667,0.9364262819290161,1.1857805252075195,0.241580531001091
385,0.9428548216819763,1.071318507194519,0.2364567071199417,0.9359023571014404,1.1949809789657593,0.24180790781974792
386,0.9428544044494629,1.0720382928848267,0.23651975393295288,0.9365109205245972,1.1842432022094727,0.24156759679317474
387,0.9429418444633484,1.0704556703567505,0.2364330291748047,0.9364702105522156,1.1849347352981567,0.24173219501972198
388,0.942999541759491,1.0698401927947998,0.23643282055854797,0.9364228248596191,1.1858437061309814,0.24159561097621918
389,0.9428988099098206,1.0706613063812256,0.2364225685596466,0.9366664290428162,1.181519627571106,0.24162065982818604
390,0.9429304003715515,1.0700758695602417,0.2363942265510559,0.9365552067756653,1.1835112571716309,0.2415848970413208
391,0.942977786064148,1.0697617530822754,0.23639199137687683,0.9367414712905884,1.1802394390106201,0.24156810343265533
392,0.9430361986160278,1.0694981813430786,0.23641042411327362,0.936593234539032,1.1827620267868042,0.24172532558441162
393,0.9429219365119934,1.070214867591858,0.23639746010303497,0.9365859031677246,1.1829676628112793,0.2414892613887787
394,0.9431024789810181,1.0686209201812744,0.23639047145843506,0.9365241527557373,1.1840158700942993,0.2415444403886795
395,0.9430274367332458,1.0696371793746948,0.23641370236873627,0.9363465905189514,1.1871135234832764,0.24165882170200348
396,0.9431289434432983,1.0682235956192017,0.23638580739498138,0.9362480640411377,1.1888879537582397,0.24160154163837433
397,0.9430621266365051,1.0689935684204102,0.23638196289539337,0.9363371729850769,1.1873136758804321,0.24158287048339844
398,0.9430689215660095,1.0685368776321411,0.23633717000484467,0.936539888381958,1.1837595701217651,0.24151690304279327
399,0.9429101347923279,1.0701892375946045,0.236359104514122,0.9358459711074829,1.1958640813827515,0.24173766374588013
400,0.9429434537887573,1.0704299211502075,0.23639991879463196,0.9365416169166565,1.1836936473846436,0.2414957582950592
401,0.9430760145187378,1.0686155557632446,0.2363429218530655,0.9365254044532776,1.1840022802352905,0.24158214032649994
402,0.9430164694786072,1.0693379640579224,0.23634453117847443,0.9365029335021973,1.184404969215393,0.24164587259292603
403,0.9430055022239685,1.0692943334579468,0.2363481968641281,0.9361276030540466,1.1910046339035034,0.24165163934230804
404,0.9430034756660461,1.0697795152664185,0.23637761175632477,0.9362156391143799,1.189469814300537,0.24162869155406952
405,0.9429873824119568,1.0691241025924683,0.2363203912973404,0.9361175894737244,1.1911360025405884,0.241628959774971
406,0.9429182410240173,1.069878101348877,0.23633340001106262,0.9365808963775635,1.1830095052719116,0.2416444718837738
407,0.9429881572723389,1.0691266059875488,0.23630951344966888,0.936526358127594,1.1839910745620728,0.2414930909872055
408,0.9430885910987854,1.0684844255447388,0.2363279163837433,0.9366277456283569,1.1822363138198853,0.24155695736408234
409,0.9430699348449707,1.0685436725616455,0.23631322383880615,0.9361880421638489,1.1898988485336304,0.24166324734687805
410,0.9429749250411987,1.0693702697753906,0.23631389439105988,0.9363676309585571,1.1868221759796143,0.24148865044116974
411,0.9430120587348938,1.0693646669387817,0.23636294901371002,0.9359627366065979,1.1938862800598145,0.24168062210083008
412,0.9430257678031921,1.0688530206680298,0.2362969070672989,0.936191201210022,1.189797043800354,0.24159514904022217
413,0.9431295990943909,1.0672882795333862,0.23623663187026978,0.9361883401870728,1.1898258924484253,0.24158881604671478
414,0.9431787133216858,1.0663292407989502,0.23618081212043762,0.9364708662033081,1.1849358081817627,0.24149945378303528
415,0.9431294798851013,1.0666379928588867,0.23614738881587982,0.9365347623825073,1.1838265657424927,0.2414490431547165
416,0.943230926990509,1.0657484531402588,0.23615293204784393,0.9365552067756653,1.1834702491760254,0.24139030277729034
417,0.9431667327880859,1.0665574073791504,0.23615305125713348,0.9363657236099243,1.1867855787277222,0.24150899052619934
418,0.9431381821632385,1.0668009519577026,0.23615922033786774,0.9363695383071899,1.1867332458496094,0.241509348154068
419,0.9431100487709045,1.0667461156845093,0.23613625764846802,0.9367238879203796,1.1805644035339355,0.24146075546741486
420,0.9431169629096985,1.0668402910232544,0.23615245521068573,0.9367048740386963,1.180848240852356,0.24151362478733063
421,0.9432510137557983,1.065553069114685,0.2361300140619278,0.9366523027420044,1.1817899942398071,0.2414197474718094
422,0.9432316422462463,1.0655179023742676,0.23611201345920563,0.9364768266677856,1.1848821640014648,0.24141597747802734
423,0.9431752562522888,1.066179633140564,0.23612628877162933,0.9365531802177429,1.1835261583328247,0.24141758680343628
424,0.9432390332221985,1.0653104782104492,0.23610280454158783,0.9364941120147705,1.1845769882202148,0.24140125513076782
425,0.9431972503662109,1.0654981136322021,0.2360847294330597,0.9363632202148438,1.186884880065918,0.24141423404216766
426,0.9433285593986511,1.0645191669464111,0.23609711229801178,0.9366462826728821,1.1818979978561401,0.24141785502433777
427,0.9432147741317749,1.065595030784607,0.2361011952161789,0.9365211129188538,1.1840779781341553,0.2413627803325653
428,0.943198025226593,1.0655710697174072,0.23609136044979095,0.9365764856338501,1.1830862760543823,0.241363063454628
429,0.9432084560394287,1.065537452697754,0.2360837310552597,0.9364833235740662,1.184746503829956,0.24140039086341858
430,0.9432763457298279,1.0649629831314087,0.23608987033367157,0.9364532828330994,1.1852750778198242,0.24139608442783356
431,0.9433082938194275,1.0645029544830322,0.23607417941093445,0.93609219789505,1.1916241645812988,0.24147741496562958
432,0.9432190656661987,1.0653064250946045,0.2360793948173523,0.9367283582687378,1.180464267730713,0.2413017451763153
433,0.943364679813385,1.0638153553009033,0.23606237769126892,0.9363875985145569,1.1864122152328491,0.24139070510864258
434,0.9433531761169434,1.0638182163238525,0.23605740070343018,0.9362705945968628,1.1885266304016113,0.24145866930484772
435,0.9433144330978394,1.0643880367279053,0.23606522381305695,0.936417281627655,1.1859314441680908,0.24142061173915863
436,0.9433199763298035,1.0644116401672363,0.23607796430587769,0.9363005757331848,1.1879870891571045,0.2414139211177826
437,0.9432277083396912,1.0656397342681885,0.23609736561775208,0.9364976286888123,1.184532642364502,0.24137777090072632
438,0.9433562159538269,1.0640559196472168,0.23606958985328674,0.9364007115364075,1.186257004737854,0.24138835072517395
439,0.9432675242424011,1.064945101737976,0.2360740602016449,0.936573326587677,1.1832149028778076,0.24132677912712097
440,0.9433890581130981,1.0635411739349365,0.23606058955192566,0.9366130232810974,1.1825366020202637,0.24126513302326202
441,0.943318784236908,1.064217209815979,0.23604238033294678,0.9365849494934082,1.182984709739685,0.24133653938770294
442,0.9432834982872009,1.0647659301757812,0.2360599935054779,0.9364253282546997,1.1858042478561401,0.24133597314357758
443,0.9433918595314026,1.0633184909820557,0.23603437840938568,0.9366885423660278,1.1811498403549194,0.2413710206747055
444,0.9433040618896484,1.0646175146102905,0.2360605150461197,0.93648761510849,1.1846779584884644,0.24138538539409637
445,0.9432751536369324,1.0648139715194702,0.236061230301857,0.9367131590843201,1.1807500123977661,0.2413034290075302
446,0.9432995319366455,1.0643404722213745,0.2360404133796692,0.9363733530044556,1.1867057085037231,0.24140973389148712
447,0.9432550072669983,1.0649135112762451,0.23605147004127502,0.9367356896400452,1.1803524494171143,0.24134404957294464
448,0.9433360695838928,1.064119815826416,0.23604902625083923,0.9365572333335876,1.183467984199524,0.24139048159122467
449,0.9433955550193787,1.0633845329284668,0.2360348403453827,0.9364983439445496,1.184490442276001,0.24146433174610138
450,0.943306565284729,1.064467191696167,0.2360595464706421,0.9363446831703186,1.1872249841690063,0.24140852689743042
451,0.9432159066200256,1.0650215148925781,0.2360468953847885,0.9367156624794006,1.1807126998901367,0.24137288331985474
452,0.9433541297912598,1.0636202096939087,0.23602545261383057,0.9365407824516296,1.1837457418441772,0.24134287238121033
453,0.9433426260948181,1.0638450384140015,0.23602545261383057,0.9367850422859192,1.1795077323913574,0.24126805365085602
454,0.9432461261749268,1.0642739534378052,0.23600785434246063,0.9362978935241699,1.188060998916626,0.2413865476846695
455,0.9433139562606812,1.06382155418396,0.23599597811698914,0.9364405870437622,1.185537576675415,0.2414429634809494
456,0.9433173537254333,1.0640112161636353,0.23601560294628143,0.9366897940635681,1.1811612844467163,0.2413829118013382
457,0.9432318806648254,1.06529700756073,0.23606817424297333,0.9363834857940674,1.1865264177322388,0.2414086014032364
458,0.9432364106178284,1.0650767087936401,0.2360488921403885,0.9367523193359375,1.1800432205200195,0.24143154919147491
459,0.9432774186134338,1.0641944408416748,0.23601697385311127,0.9364402294158936,1.1855303049087524,0.24143408238887787
460,0.9433696866035461,1.0634633302688599,0.2360106259584427,0.9365152716636658,1.1842044591903687,0.24143211543560028
461,0.9433029890060425,1.0641083717346191,0.23601527512073517,0.9366345405578613,1.182103157043457,0.2413790076971054
462,0.9432793259620667,1.0644975900650024,0.2360316962003708,0.9366071820259094,1.1825686693191528,0.2414318472146988
463,0.9433369040489197,1.0638082027435303,0.2360084503889084,0.9366272687911987,1.182239294052124,0.24138405919075012
464,0.9432811141014099,1.0640859603881836,0.2360030710697174,0.9365888237953186,1.1829019784927368,0.2413584440946579
465,0.9434319734573364,1.0625253915786743,0.23597629368305206,0.936582624912262,1.1829795837402344,0.24136999249458313
466,0.9432694911956787,1.0643469095230103,0.23600390553474426,0.9366418123245239,1.1819002628326416,0.24145092070102692
467,0.943473756313324,1.0620348453521729,0.2359750121831894,0.9366953372955322,1.1810158491134644,0.24143724143505096
468,0.9434424042701721,1.062566876411438,0.23599021136760712,0.936583936214447,1.1829620599746704,0.2414316087961197
469,0.943382203578949,1.0632089376449585,0.2359834909439087,0.9367002844810486,1.1809511184692383,0.24136142432689667
470,0.9433300495147705,1.0635823011398315,0.23597879707813263,0.9365384578704834,1.1838247776031494,0.241296648979187
471,0.9432705640792847,1.0643881559371948,0.23599721491336823,0.9366244077682495,1.18227219581604,0.24132762849330902
472,0.9434179067611694,1.062636137008667,0.23596309125423431,0.9366957545280457,1.181052803993225,0.24126404523849487
473,0.9433399438858032,1.0633203983306885,0.2359696924686432,0.9365997314453125,1.1826969385147095,0.2414150983095169
474,0.9432551860809326,1.0643013715744019,0.23599128425121307,0.9365589618682861,1.183401346206665,0.2413572520017624
475,0.9434382319450378,1.062282919883728,0.2359437793493271,0.9366847276687622,1.1811996698379517,0.2413972020149231
476,0.9433956146240234,1.0630320310592651,0.2359830141067505,0.9366592764854431,1.1816599369049072,0.24149011075496674
477,0.9434526562690735,1.0622687339782715,0.23596200346946716,0.9366832971572876,1.1811944246292114,0.24143968522548676
478,0.9433255791664124,1.0636475086212158,0.2359713762998581,0.9366573095321655,1.1816627979278564,0.24143607914447784
479,0.9434416890144348,1.0623804330825806,0.23595623672008514,0.936687707901001,1.181117296218872,0.24150696396827698
480,0.9434115886688232,1.062675952911377,0.2359548956155777,0.9366182684898376,1.182319164276123,0.2413821518421173
481,0.943366289138794,1.0631301403045654,0.23596855998039246,0.9367080926895142,1.1808140277862549,0.24135418236255646
482,0.9434082508087158,1.0628198385238647,0.2359669804573059,0.9365853071212769,1.1829493045806885,0.24129073321819305
483,0.9434731602668762,1.0618796348571777,0.23594364523887634,0.9362576603889465,1.1887927055358887,0.2413148283958435
484,0.9433162212371826,1.0638359785079956,0.23597519099712372,0.9366362690925598,1.182064414024353,0.2413409948348999
485,0.9434098601341248,1.062713623046875,0.2359563112258911,0.936630368232727,1.182164192199707,0.24141569435596466
486,0.9434983730316162,1.0614635944366455,0.23590758442878723,0.9367445707321167,1.1801731586456299,0.24131275713443756
487,0.9434024095535278,1.0622353553771973,0.23588983714580536,0.9366742372512817,1.181459665298462,0.24122950434684753
488,0.9433771371841431,1.0624388456344604,0.2358846515417099,0.9366836547851562,1.1812652349472046,0.24120929837226868
489,0.9434239268302917,1.0618747472763062,0.23586905002593994,0.9367386102676392,1.1802550554275513,0.2412104606628418
490,0.9435117244720459,1.060945987701416,0.23585708439350128,0.9366530179977417,1.1817811727523804,0.24128209054470062
491,0.9435228109359741,1.0607829093933105,0.23585155606269836,0.9367466568946838,1.1801254749298096,0.24126867949962616
492,0.9434859156608582,1.0612866878509521,0.23586702346801758,0.9366936683654785,1.181090235710144,0.24123220145702362
493,0.94338458776474,1.0620828866958618,0.23586127161979675,0.9365572929382324,1.1834664344787598,0.24123500287532806
494,0.9434935450553894,1.0612064599990845,0.23585139214992523,0.9364905953407288,1.1846243143081665,0.2412884682416916
495,0.9435051083564758,1.0610772371292114,0.23586055636405945,0.9365785121917725,1.183119535446167,0.24126392602920532
496,0.9433798789978027,1.0621225833892822,0.23585593700408936,0.9366815090179443,1.1812942028045654,0.2412479668855667
497,0.9435556530952454,1.0605428218841553,0.2358650267124176,0.9365509152412415,1.1835885047912598,0.24128082394599915
498,0.9434763789176941,1.0612069368362427,0.23585167527198792,0.9366973042488098,1.1810299158096313,0.24128933250904083
499,0.9434946775436401,1.0612099170684814,0.2358558475971222,0.9367015957832336,1.180923581123352,0.2413024604320526
500,0.9435017108917236,1.0610320568084717,0.2358502745628357,0.9365691542625427,1.183261513710022,0.24132443964481354
501,0.9435203075408936,1.060875654220581,0.23585860431194305,0.936631441116333,1.1821544170379639,0.24127982556819916
502,0.9435452818870544,1.06049644947052,0.23584111034870148,0.936630368232727,1.18217134475708,0.24129100143909454
503,0.9435324668884277,1.0605473518371582,0.23583613336086273,0.9364439845085144,1.1854748725891113,0.24130989611148834
504,0.9434864521026611,1.0614345073699951,0.23586946725845337,0.9366378784179688,1.182053804397583,0.24128897488117218
505,0.9435455799102783,1.060633659362793,0.2358541190624237,0.9365742802619934,1.183168888092041,0.24125590920448303
506,0.9434774518013,1.0613021850585938,0.2358427494764328,0.9363929629325867,1.1862905025482178,0.24138794839382172
507,0.9434784650802612,1.0615373849868774,0.23586605489253998,0.9367193579673767,1.1805925369262695,0.24126993119716644
508,0.9434196949005127,1.061565637588501,0.23582379519939423,0.9366373419761658,1.1820439100265503,0.2413533627986908
509,0.9435124397277832,1.0608524084091187,0.23584343492984772,0.9365872144699097,1.182930588722229,0.2413078248500824
510,0.9435343146324158,1.0605778694152832,0.2358291745185852,0.9367135763168335,1.1807256937026978,0.24123604595661163
511,0.9435594081878662,1.06017005443573,0.23581093549728394,0.9367773532867432,1.1795958280563354,0.24126803874969482
512,0.943436861038208,1.0613256692886353,0.23582018911838531,0.9365703463554382,1.1832526922225952,0.24132205545902252
513,0.9434989094734192,1.0608620643615723,0.2358279824256897,0.9366523623466492,1.1817721128463745,0.24136848747730255
514,0.9435454607009888,1.060526728630066,0.23583756387233734,0.936735212802887,1.180315613746643,0.24131597578525543
515,0.9434531927108765,1.061407208442688,0.23584072291851044,0.9366248846054077,1.1822617053985596,0.2412646859884262
516,0.94342440366745,1.0616791248321533,0.235833078622818,0.9366375207901001,1.182072639465332,0.24124926328659058
517,0.9435247778892517,1.0605578422546387,0.23582345247268677,0.9366866946220398,1.1811951398849487,0.24127832055091858
518,0.9434471726417542,1.0611991882324219,0.23581548035144806,0.936668872833252,1.1815016269683838,0.2412446290254593
519,0.94344562292099,1.0613740682601929,0.23582926392555237,0.936751663684845,1.1800254583358765,0.24133457243442535
520,0.9434894323348999,1.0608793497085571,0.23581871390342712,0.9367145299911499,1.1806974411010742,0.24129325151443481
521,0.9434893131256104,1.061118721961975,0.23583588004112244,0.9366948008537292,1.1810213327407837,0.24132134020328522
522,0.9434066414833069,1.0613704919815063,0.23580792546272278,0.9366517066955566,1.1817708015441895,0.24132509529590607
523,0.9434334635734558,1.061293125152588,0.23580853641033173,0.9365891218185425,1.1828930377960205,0.24131236970424652
524,0.9435107707977295,1.0607235431671143,0.235822856426239,0.9366892576217651,1.1811031103134155,0.2413577139377594
525,0.9434272646903992,1.0614900588989258,0.23581834137439728,0.9366509318351746,1.1818039417266846,0.24126015603542328
526,0.9434691071510315,1.061070203781128,0.23581868410110474,0.93655925989151,1.1834124326705933,0.24128606915473938
527,0.9435095191001892,1.060462236404419,0.23579607903957367,0.9365133047103882,1.184179663658142,0.24131959676742554
528,0.943419337272644,1.0615153312683105,0.23581643402576447,0.936811625957489,1.1789661645889282,0.24125829339027405
529,0.9433631896972656,1.0620665550231934,0.23583419620990753,0.93663090467453,1.1821361780166626,0.24125437438488007
530,0.943537175655365,1.0603703260421753,0.23580455780029297,0.9367053508758545,1.1808578968048096,0.24128256738185883
531,0.9436261653900146,1.059333324432373,0.23579494655132294,0.9366028308868408,1.1826622486114502,0.24125297367572784
532,0.9435932040214539,1.0595202445983887,0.23576831817626953,0.936628520488739,1.1822043657302856,0.24126072227954865
533,0.9435275197029114,1.0601768493652344,0.23577578365802765,0.9365876913070679,1.1828869581222534,0.241354838013649
534,0.9435212016105652,1.0600236654281616,0.23575612902641296,0.9365942478179932,1.182814359664917,0.24124965071678162
535,0.9435126185417175,1.060265302658081,0.23577268421649933,0.9365467429161072,1.1836282014846802,0.24126999080181122
536,0.9434134364128113,1.0611140727996826,0.23577603697776794,0.9366773962974548,1.1813358068466187,0.24124327301979065
537,0.9435140490531921,1.0600229501724243,0.23575985431671143,0.9367424845695496,1.1801867485046387,0.24123398959636688
538,0.9434568881988525,1.0608528852462769,0.2357780635356903,0.9366781115531921,1.1813290119171143,0.24124377965927124
539,0.9434304237365723,1.061204433441162,0.23578396439552307,0.9367448687553406,1.1801453828811646,0.24125541746616364
540,0.9435567259788513,1.0597003698349,0.23575496673583984,0.9365559816360474,1.1834551095962524,0.24124404788017273
541,0.9436067342758179,1.059400200843811,0.23577117919921875,0.9367344975471497,1.1803408861160278,0.24127407371997833
542,0.9433828592300415,1.0615971088409424,0.23578931391239166,0.9366187453269958,1.182369589805603,0.24128064513206482
543,0.943558394908905,1.0598591566085815,0.23576577007770538,0.936570405960083,1.183189868927002,0.24137544631958008
544,0.9435641765594482,1.0598218441009521,0.23576748371124268,0.9365416169166565,1.1837154626846313,0.24127539992332458
545,0.9435538053512573,1.0601434707641602,0.23578046262264252,0.9366618394851685,1.1815950870513916,0.24131356179714203
546,0.943504273891449,1.06039559841156,0.23576566576957703,0.9364376068115234,1.1855422258377075,0.24129214882850647
547,0.9434885382652283,1.060495138168335,0.23576445877552032,0.9366173148155212,1.1823862791061401,0.2412392497062683
548,0.9434662461280823,1.0602102279663086,0.23573267459869385,0.9366053938865662,1.1826063394546509,0.24129045009613037
549,0.9434694051742554,1.0604327917099,0.23575647175312042,0.9366275668144226,1.1822248697280884,0.24124181270599365
550,0.9435846209526062,1.059496521949768,0.2357562929391861,0.9366889595985413,1.1811370849609375,0.2412617802619934
551,0.9435541033744812,1.059840202331543,0.23575246334075928,0.9366647601127625,1.1815568208694458,0.24125486612319946
552,0.9434813857078552,1.0604546070098877,0.235757514834404,0.9365687370300293,1.1832470893859863,0.24125780165195465
553,0.9435421824455261,1.0598398447036743,0.2357540726661682,0.9365302920341492,1.18394136428833,0.24127689003944397
554,0.9435802698135376,1.0593606233596802,0.23573142290115356,0.9365677237510681,1.1832728385925293,0.2412766069173813
555,0.9435484409332275,1.0597128868103027,0.23573929071426392,0.9366326332092285,1.1821300983428955,0.24123799800872803
556,0.9436176419258118,1.0590840578079224,0.23575064539909363,0.9366076588630676,1.1825909614562988,0.24123601615428925
557,0.9435850381851196,1.0593394041061401,0.23573137819766998,0.9365634918212891,1.1833528280258179,0.24130351841449738
558,0.9435715675354004,1.0597931146621704,0.23575903475284576,0.9366493225097656,1.1818480491638184,0.24124541878700256
559,0.9435935020446777,1.0593535900115967,0.23575066030025482,0.9366838335990906,1.1812336444854736,0.24126110970973969
560,0.9435760974884033,1.0595622062683105,0.23574461042881012,0.9366062879562378,1.1825757026672363,0.24126853048801422
561,0.94356769323349,1.0595892667770386,0.23574496805667877,0.9366293549537659,1.1822068691253662,0.24125464260578156
562,0.9434899687767029,1.0602972507476807,0.23574744164943695,0.9366658926010132,1.1815766096115112,0.24123743176460266
563,0.943594753742218,1.0593104362487793,0.23574374616146088,0.9366195201873779,1.1823735237121582,0.24128226935863495
564,0.9435306191444397,1.0600672960281372,0.23574869334697723,0.9365974068641663,1.1827689409255981,0.24122276902198792
565,0.9435734152793884,1.0596338510513306,0.23575368523597717,0.9367210865020752,1.1805728673934937,0.24128980934619904
566,0.9435921907424927,1.0593534708023071,0.23574219644069672,0.9366880059242249,1.1811796426773071,0.24124810099601746
567,0.9435003399848938,1.060341238975525,0.23575423657894135,0.9366669654846191,1.181538462638855,0.24122793972492218
568,0.943506121635437,1.0603249073028564,0.23576238751411438,0.9365506172180176,1.1835845708847046,0.24124279618263245
569,0.9434553384780884,1.0606122016906738,0.23574718832969666,0.9365982413291931,1.1827366352081299,0.2412671446800232
570,0.9436114430427551,1.059228777885437,0.23574768006801605,0.9365686774253845,1.183274507522583,0.2412618100643158
571,0.9434307813644409,1.0610206127166748,0.23576779663562775,0.9367406964302063,1.1802209615707397,0.24124963581562042
572,0.9435849785804749,1.0594346523284912,0.2357451319694519,0.9366268515586853,1.182220458984375,0.24128712713718414
573,0.9436160326004028,1.0587272644042969,0.2357105314731598,0.9365989565849304,1.1827282905578613,0.24125289916992188
574,0.9435008764266968,1.0602445602416992,0.2357455939054489,0.9366067051887512,1.1825807094573975,0.2412429302930832
575,0.9434899091720581,1.0600333213806152,0.2357320934534073,0.9365710616111755,1.1832324266433716,0.2412385195493698
576,0.9435160756111145,1.059977650642395,0.23573754727840424,0.9366538524627686,1.1817573308944702,0.24125806987285614
577,0.9435521960258484,1.0594899654388428,0.23571790754795074,0.9366657733917236,1.1815592050552368,0.24125678837299347
578,0.943634033203125,1.0586596727371216,0.23571042716503143,0.936577558517456,1.183113932609558,0.241245299577713
579,0.9435908794403076,1.058835506439209,0.23569290339946747,0.9364401698112488,1.1855268478393555,0.24127373099327087
580,0.9435712695121765,1.0589447021484375,0.23567956686019897,0.9366824626922607,1.181251049041748,0.24125851690769196
